地区,2023年4月,2023年3月,2023年2月,2023年1月,2022年12月,2022年11月,2022年10月,2022年9月,2022年8月,2022年7月,2022年6月,2022年5月,2022年4月,2022年3月,2022年2月,2022年1月,2021年12月,2021年11月,2021年10月,2021年9月,2021年8月,2021年7月,2021年6月,2021年5月,2021年4月,2021年3月,2021年2月,2021年1月,2020年12月,2020年11月,2020年10月,2020年9月,2020年8月,2020年7月,2020年6月,2020年5月,2020年4月,2020年3月,2020年2月,2020年1月,2019年12月,2019年11月,2019年10月,2019年9月,2019年8月,2019年7月,2019年6月,2019年5月,2019年4月,2019年3月,2019年2月,2019年1月,2018年12月,2018年11月,2018年10月,2018年9月,2018年8月,2018年7月,2018年6月,2018年5月,2018年4月,2018年3月,2018年2月,2018年1月,2017年12月,2017年11月,2017年10月,2017年9月,2017年8月,2017年7月,2017年6月,2017年5月,2017年4月,2017年3月,2017年2月,2017年1月,2016年12月,2016年11月,2016年10月,2016年9月,2016年8月,2016年7月,2016年6月,2016年5月,2016年4月,2016年3月,2016年2月,2016年1月,2015年12月,2015年11月,2015年10月,2015年9月,2015年8月,2015年7月,2015年6月,2015年5月,2015年4月,2015年3月,2015年2月,2015年1月,2014年12月,2014年11月,2014年10月,2014年9月,2014年8月,2014年7月,2014年6月,2014年5月,2014年4月,2014年3月,2014年2月,2014年1月,2013年12月,2013年11月,2013年10月,2013年9月,2013年8月,2013年7月,2013年6月,2013年5月,2013年4月,2013年3月,2013年2月,2013年1月,2012年12月,2012年11月,2012年10月,2012年9月,2012年8月,2012年7月,2012年6月,2012年5月,2012年4月,2012年3月,2012年2月,2012年1月,2011年12月,2011年11月,2011年10月,2011年9月,2011年8月,2011年7月,2011年6月,2011年5月,2011年4月,2011年3月,2011年2月,2011年1月,2010年12月,2010年11月,2010年10月,2010年9月,2010年8月,2010年7月,2010年6月,2010年5月,2010年4月,2010年3月,2010年2月,2010年1月,2009年12月,2009年11月,2009年10月,2009年9月,2009年8月,2009年7月,2009年6月,2009年5月,2009年4月,2009年3月,2009年2月,2009年1月,2008年12月,2008年11月,2008年10月,2008年9月,2008年8月,2008年7月,2008年6月,2008年5月,2008年4月,2008年3月,2008年2月,2008年1月,2007年12月,2007年11月,2007年10月,2007年9月,2007年8月,2007年7月,2007年6月,2007年5月,2007年4月,2007年3月,2007年2月,2007年1月,2006年12月,2006年11月,2006年10月,2006年9月,2006年8月,2006年7月,2006年6月,2006年5月,2006年4月,2006年3月,2006年2月,2006年1月,2005年12月,2005年11月,2005年10月,2005年9月,2005年8月,2005年7月,2005年6月,2005年5月,2005年4月,2005年3月,2005年2月,2005年1月,2004年12月,2004年11月,2004年10月,2004年9月,2004年8月,2004年7月,2004年6月,2004年5月,2004年4月,2004年3月,2004年2月,2004年1月,2003年12月,2003年11月,2003年10月,2003年9月,2003年8月,2003年7月,2003年6月,2003年5月,2003年4月,2003年3月,2003年2月,2003年1月
北京市,11681.17,11642.1,11394.57,,13333.15,12942.64,12849.66,12823.49,12709.58,12496.77,12299.96,12033.91,11997.86,11771.22,11627.9,,14055.32,13815.24,13625.99,13509.54,13408.41,13334.04,13082.49,12875.45,12631.73,12549.92,12277.76,,13918.64,13633.6,13346.85,13061.19,12519.34,12278.32,11964.81,11565.02,11457.62,11099.21,10738.72,,12514.99,12350.02,12148.14,12077.27,11995.45,11903.88,11661.65,11542.27,11340.04,11191.87,11007.31,,12962.61,12705.31,12426.79,12150.61,11844.54,11716.54,11496.95,11222.64,10914.31,10737.13,10561.82,,12412.74,12032.04,11533.25,11318.13,11233.02,11108.4,10951.98,10536.52,10539.05,10312.24,10117.97,,12976,12806.11,12588.01,12224.96,11859.07,11632.25,11486.26,11324.95,11052.79,10543.65,10288.77,,12993.08,12589.86,12214.14,12037.79,11818.12,11754.98,11425.99,11097.48,10880.18,10646.69,10124.18,,13588.08,13232.91,13136.8,12825.95,12618.14,12523.59,12264.71,11970.42,11685.74,11522.14,10568.37,,13886.87,13406.36,12828.48,12454.71,12141.88,11798.32,11368.26,11041.54,10468.34,9838.32,8861.95,,13122.49,12786.07,12364.78,12044.13,11742.63,11390.67,11020.67,10485.41,9935.84,9247.12,8174.69,,12065.38,11682.85,11204.54,10906.49,10499.45,9839.06,9517.37,8926.17,8297.68,7608.29,6426.67,,10300.86,9628.51,9185.04,8727.37,8313.65,8048.89,7807.33,7531.81,7224.75,6858.67,6082.48,,9719.08,9081.37,8944.36,8751.96,8518.15,8337.79,8130.43,7630.49,7405.16,6898.37,5978.57,,10014.32,9432.38,9015.86,8807.17,8659.7,8452.64,8272.12,7969.47,7566.8,6847.13,5869.08,,10438.65,9906.07,9565.77,9159.95,8864,8697.39,8390.09,7977.91,7389.76,6659.02,5386.81,,10483.53,9424.68,9195.84,8952.28,8621.33,8347.15,8141.52,7711,7316.87,6433.86,5306.83,,10748.5,9457.07,9097.89,8776.75,8503.61,8017.97,7538.27,7040.18,6670.24,5609.2,3643.65,,9931.31,8833.82,8554.01,8299.69,7903.7,7612.58,7241.12,6783.01,6062.19,5361.37,3887.31,,9070.66,8152.28,7723.58,7419.9,7037.02,6537.24,6131.3,5445.15,4928.33,4390.4,1773.82,
天津市,9527.83,9435.03,9254.78,,11085.1,10975.3,10943.21,10924.7,10734.13,10690.97,10592.23,10547.36,10501.35,10360.32,10250.85,,12627.78,12597.13,12416.46,12297.1,11898.99,11740,11538.58,11328.47,10999.82,10671.8,9203.73,,12034.51,11594.67,11286.37,11225.45,11005.05,10906.39,10753.62,10434.6,10104.91,9818.32,9031.13,,11453.43,11040.86,10877,10715.95,10349.37,10311.16,9981.63,9576.95,9252.45,8735.3,7721.5,,10324.37,9528.02,9422.52,9221.24,8928.36,8632.11,8384.27,8017.95,7613.5,7216.3,6832.46,,8795.82,8400.14,8237.65,8119.09,7892.64,7748.06,7576.67,7190.01,6873.66,6709.2,6216.99,,9349.76,9138.41,8849.5,8542.27,8364.34,8284.54,7905.39,7741.4,7491.44,7277.82,6527.94,,10230.22,9839.02,9674.08,9397.66,9197.11,8972.11,8794.63,8580.4,8325.14,8224.73,7978.95,,10652.37,10290.34,10017.32,9808.83,9609.9,9434.78,9336.29,9032.07,8799.1,8448.26,8165.56,,10892.17,10383.74,10097.67,9999.31,9739.25,9577.68,9498.99,9254.12,8914.95,8332.41,7155.88,,9864.22,8160.96,7971.09,7855.25,7644.66,7593.77,7279.08,6701.96,6273.25,6040.57,6785.91,,9075.39,7454.71,7269.71,7120.52,6969.75,6917.65,6831.58,6501.65,6222.68,5942.97,5216.53,,7160.74,5547.39,5340.4,5232.6,5100.62,4961.81,4874.77,4699.84,4569.46,4444.54,4236.53,,6052.16,4120.29,4034.76,3941.14,3710.76,3564.83,3399.22,3163.83,2778.57,2387.24,1847.62,,5704.27,3933.78,3773.93,3627.42,3465.12,3302.99,3222,2968.22,2599.27,2278.49,1781.42,,4836.49,3728.52,3530.01,3056.58,2910.38,2874.13,2778.53,2624.21,2416.67,2116.51,1444.42,,4142.6,3137.66,2903.28,2790.5,2548.68,2440.77,2338.27,2190.67,2039.97,1745.07,1196.13,,3470.57,2685.45,2473.35,2422.71,2225.68,2114.36,1993.74,1752.08,1555.32,1391.37,1106.06,,2865.55,2303.86,2275.3,2233.92,2066.58,1803.93,1719.16,1461.34,1329.09,1125.1,904.07,,2314.43,2023.04,1858.76,1817.87,1735.6,1617.29,1517.49,1292.04,1157.71,1005.89,576.73,
河北省,28108.63,27640.81,27026.35,,33651.79,33355.77,33075.19,32560.81,31747.67,31196.13,30482.27,29680.19,29077.62,28630.3,27038.29,,35681.38,34787.41,34328.08,33665.17,33022.03,32065.62,31106.8,29098.97,27907.22,27190.92,26090.1,,31408.39,30801.45,29911.87,29287.37,28532.67,27328.41,25524.74,23471.07,22584.1,21673.53,20943.49,,29852.97,29384.48,28482.59,27529.26,26714.98,25758.97,24687.73,23073.71,22090.35,21274.63,20643.67,,28172.06,27540.41,27096.71,26293.52,25341.57,24504.08,23479.38,22307.06,21528.55,20730.54,20290.71,,30318.32,29883.87,29425.79,28761.17,27974.3,27224.97,26365.78,25210.78,24163.25,23126.99,22484.44,,30476.78,30234.45,29633.83,29039.99,28234.91,27260.33,26526.38,25306.72,24441.38,23678.31,23240.1,,30434.76,29800.86,28919.34,28135.11,26449.27,25671.42,24945.16,24152.38,23503.84,22884.49,21909.6,,31628.39,31004.94,30129.37,29133.66,27947.07,26956.66,25448.08,24163.32,22604.11,21898.69,20891.24,,29949.12,29413.45,28582.92,27839.46,26985.61,26336.11,25672.12,24759.93,23854.26,22990.13,22289.78,,27577.83,27071.32,26390.58,25803,24933.54,23912.85,23462.3,22299.12,21293.18,19402.14,19956.28,,26835.37,26172.39,24835.61,24130.48,23161.51,22269.92,21127.71,19049.8,17299.25,16043.84,12984.6,,20790.28,20100.02,19383.9,17974.09,16542.83,15648.03,14896.06,13210.51,11979.51,10754.1,9196.46,,12739.3,12153.36,11496.9,10811.83,9668.91,9107.43,8702.29,7157.51,6161.33,4977.38,1355.59,,7879.7,7481.61,7101.53,6865.62,6449.77,6162.01,5811.4,5014.84,4291.13,3270.77,915.72,,5856.88,5468.15,5148.97,4944.32,4583.16,4362.78,3928.11,3546.56,3073.09,2406.7,595.28,,4625.56,4329.27,4184.95,3971.54,3698.32,3480.78,3212.02,2687.37,2419.78,1949.94,555.96,,3710.81,3470.54,3268.22,3159.2,3021.72,2837.88,2551.87,2178.83,1866.25,1239.76,355.7,,3268.65,3051.25,2972.57,2771.44,2559.47,2375.67,2165.69,1886.23,1509.84,1071.52,397.54,,2988.73,2590.87,2603.41,2495.79,2098.19,1961.53,1782.59,1430.93,1212.77,817.88,152.62,
山西省,22414.72,22145.87,20946.75,,25350.51,24820.3,24583.04,24240.16,23834.48,23577.59,23183.82,22576.5,22185.83,21291.48,20080.8,,24930.37,24499.13,24129.49,23776.9,23181.98,22847.79,22052.64,21273.99,20518.52,19290.53,17403.64,,21937.83,21385.62,20611.9,20174.92,19362.21,19155.4,18665.12,17694.19,17088.7,16448.67,15748.81,,19548.55,19255.39,18794.8,18484.63,17831.69,17441.38,16883.82,16226.81,15655.18,15142.1,14562,,16949.56,16709.24,16391.02,16100.05,15764.95,15545.29,15139.71,14444.7,13841.77,13454.82,13137.24,,16473.4,16322.8,16107.28,15891,15540.54,15236.88,14826.34,14258.03,13855.36,13583.98,13387.12,,17069.25,16790.84,16504.88,16183.08,15856.9,15583.39,14849.97,14341.42,13892.09,13564.62,13300.17,,15734.48,15405.44,14945.31,14647.12,13938.63,13501.29,13088.7,12408.73,11960.19,11769.13,11480.64,,15476.89,14998.53,14604.06,14159.92,13611.44,13049.57,12238.42,11811.81,11407.17,11264.17,10893.46,,14040.05,13658.02,13190.06,12906.04,12378.13,12027.59,11597.42,11077.99,10530.67,10230.02,9901.96,,11714.28,11209,10919.48,10581.76,10175.41,9721.68,9257.53,8489.27,8041.75,7498.75,7198.59,,9325.63,8872.62,8723.25,8433.28,8209.48,7867.83,7479.9,6700.4,6255.9,5777.81,5482.54,,7616.35,7229.98,6903.98,6666.01,6479.5,5983.71,5648.25,5213.49,4934.07,4502.24,2902.41,,5491.42,5114.32,4953.84,4723.61,4518.14,4193.53,3839,3189.84,2629.99,1894.67,445.05,,3891.04,3241.98,3108.62,2995.38,2889.24,2735,2595.31,2308.93,1910.94,1435.18,599.26,,3372.2,3008.47,2921.49,2802.33,2625.68,2523.19,2333.89,2094.24,1713.55,1280.28,437.43,,3054.79,2431.64,2350.55,2252.16,1953.52,1877.17,1676.97,1470.6,1296.76,949.5,253.25,,2159.96,1716.88,1651.62,1559.27,1475.27,1415.53,1274.5,1005.87,838.55,486.24,119.04,,1603.72,1221.87,1128.45,1081.62,1010.74,929.06,824.3,610.69,515.88,355.68,137.98,,1245.74,980.59,939.66,888.78,807.14,735.76,650.56,529.74,430.08,280.21,72.16,
内蒙古自治区,12182.9,11971.9,11254.08,,15311.89,15433.17,15347.17,15264.22,15128.28,14779.52,14384.62,14105.98,13892.61,13719.96,11864.53,,16394.65,16227.89,16205.52,15975.01,15835.61,15232.94,14786.36,14079.55,13660.13,12455.94,11204.61,,15310.96,15104.86,14885.67,14431.6,14099.34,13629.14,12964.63,12409.18,11760.47,11077.78,10286.21,,15889.08,15796.37,15440.82,15182.18,14827.61,14315.93,13350.66,12833.76,12192.1,11924.17,11132.94,,15053.71,15424.16,15267.89,14976.24,14446.75,14098.9,13478.77,12756.44,12499.61,12299.77,12645.89,,15815.41,16572.1,16433.25,16180.99,15797.01,15589.74,15172.05,14725.25,14414.15,14264.05,14162.36,,16906.28,16896.78,16757.37,16513.58,16240.12,16048.33,15642.85,15153.4,14761.88,14524.43,14744.05,,17641.28,17611.94,17384.18,17053.45,16613.27,16392.73,15978.16,15071.39,14807.62,14474.87,14352.61,,18474.17,18590.57,18072.62,17582.29,17296.3,16587.64,16107.77,15515.66,15079.51,14359.74,14024.55,,18624.32,18710.34,18196.49,17719.72,17131.8,16444.01,15834.28,14759.84,13724.1,12518.55,12169.4,,16507.4,16122.94,15918.21,15630.62,15264.64,13937.66,13125.07,11958.57,9882.69,10132.56,10250.61,,16378.1,16382.73,16273.32,15168.39,13655.9,12534.5,11026.09,8571.35,5860.54,2294.23,168.39,,11517.78,11274.69,10870.95,10253.03,9353.84,8403.05,7310.7,5865.31,3654.46,1584.58,82.18,,8234.48,8092.6,7893.66,7510.86,7103.92,6344.25,5703.59,4127.57,2559.3,900.36,5195.06,,6889.13,6659.72,6490.36,6213.99,5886.85,5411.38,5006.39,3833.54,2390.14,642.31,19.5,,5272.77,5013.41,4917.07,4608.83,4267.4,3768.51,3338.43,2638.81,1545.53,409.04,26,,3597.99,3420.83,3310.87,3072.5,2880.86,2642.73,2326.82,1637.95,1092.68,304.65,0,,2118.99,2027.48,1931.69,1799.97,1604.42,1439.7,1247.41,880.5,448.61,114.09,7.83,,1429.2,1367.62,1323.08,1247.81,1151.96,1049.72,870.75,610.5,319.29,130.29,4.5,,1177.08,1051.81,983.81,921.37,849.77,767.15,660.57,427.05,177.95,56.37,,
辽宁省,19717.16,19693.38,19193.13,,22973.6,22995.76,22919.09,22848.71,22626.15,22459.62,22297.09,21877.37,21484.81,21292.5,20887.27,,25423.54,24975.16,24793.67,24503.14,24081.35,23764.12,23344.1,22456.69,21979.23,21542.17,20806.23,,24002.81,23767,23437.45,22959.39,22418.9,22097.68,21760.07,20827.46,20184.08,19768.23,19421.14,,23787.49,23733.6,23464.5,23225.19,23054.83,22720.15,22324.62,21443.72,20961.55,20560.22,19950.76,,24216.83,24373.87,24194.12,23905.54,23566.84,23191.07,22836.27,22238.87,21424.13,20982.49,20622.81,,25906.89,25909.9,25543.46,25258.47,24665.3,24200.36,23794.18,23193.05,22834.3,22408.26,22058.75,,26364.11,26240.27,26097.17,25912.23,25576.31,25186.77,24666.12,23921.06,23373.86,22847.73,22459.25,,29283.18,29474.5,29342.44,29116.92,28318.85,27674,26923.76,25943.02,25408.76,24780.15,24587.45,,38616.88,38530.88,38096.48,37150.14,36159.54,35083.02,34229.7,32822.18,32008,31023.99,29990.59,,41625.6,41334.59,39994.57,39457.25,38103.82,36843.59,35718.87,33384.24,31374.59,29784.41,27727.26,,38502.02,38218.26,37291.87,36163.32,35140.33,33439.47,32424.07,29218.15,28160.61,26932.69,26462.69,,34511.89,34293.69,33335.54,32569.33,31417.47,28898.99,27213.09,25417.5,24055.26,22949.37,21798.3,,26824.5,25982.6,24997.99,23492.65,22385.16,21585.09,20376.65,18213.23,16797.7,15161.71,13606.72,,18575.55,17493.44,16992.54,16303.73,15113.25,14258.86,13539.82,10779.94,8967.91,6260.72,2934.12,,14702.58,13779.68,13217.74,12550.49,11749.75,11150.11,9999.23,8265.62,6843.5,4649.82,1665.95,,11650.15,11149.49,10792.9,10114.6,9271,8605.34,7508.43,6267.99,4832.92,2581.37,961.96,,8621.26,8060.14,7583.02,7341.1,6877.55,6438.82,6076.74,5106.68,3687.88,1960.63,758.18,,7042.85,6435.47,6178.44,5751.66,5250.1,4785.22,4224.65,3551.27,2423.62,1250.99,458.08,,6123.19,5574.87,5448.09,5208.95,4870.65,4275.51,3849.77,3153.98,2221.83,1175.32,331.35,,5296.53,4832.32,4546.39,4259.11,3947.95,3627.1,3224.42,2624.08,1873.82,914.77,359.95,
吉林省,9553.55,9625.56,9022.02,,11579.54,11570.95,11529.38,11409.76,11329.42,11245.93,10914.78,10997.13,10828.42,10751.59,10093.29,,13061.62,13115.6,12949.55,12798.1,12352.64,11854.44,11449.85,10807.88,10099.48,9194.23,9694.53,,12340.61,12502.67,12193.42,12016.06,11836.76,11221.42,10583.24,10280.58,9773.29,9727.56,9620.86,,12403.73,12365.68,12253.99,12001.74,11534.16,11272.73,10886.54,10504.08,9572.35,9412.47,9650.3,,12079.52,12053.35,11794.62,11510.97,11135.28,10819.89,10411.42,10081.14,9876.34,9685.64,9681.49,,11887.33,11801.05,11701.23,11545.12,11308.51,11117.9,10937.58,10704.41,10355.85,10167.59,10004.62,,11797.33,11705.61,11541.24,11331.12,10993.61,10607.84,10352.18,10171.63,9956.26,9764.8,9741.23,,11566.47,11415.17,11011.96,10842.9,10562.31,10323.51,9890.51,9881.96,9700.48,9514.45,9547.45,,12268.44,12180.48,11283.45,10879.6,10446.32,10013.14,9610.93,9296.48,9015.74,8687.05,8590.76,,12181.28,12061.24,11509.37,11353.05,10836.69,10459.57,10003.06,9384.87,8697.11,8174.45,7967.78,,10935.8,10439.26,9909.36,9586.1,9186.82,8563.45,8062.73,6779.07,5410.55,4302.84,6164.98,,8963.42,8930.3,8974.76,8325.93,7555.95,7059.34,6568.87,5495.91,4608.25,4262.02,4226.99,,7099.96,7049.23,6892.79,6660.78,6311.98,5970.99,5597.13,4565.61,3818.36,3337.27,3437.21,,5356.87,5228.26,5074.7,4795.84,4277.39,3888.17,3378.46,1996.75,1055.28,279.8,,,4527.01,4355.54,4355.57,4201,3841.8,3561.67,3063.28,1829.66,825.28,352.2,,,4288.34,4129.68,3930.86,3596.22,3151.04,2790.93,2358.6,1209.32,592.52,19.59,,,2810.47,2661.84,2431.16,2204.23,1818.84,1682.08,1208.56,812.15,428.43,19.52,0,,1890.74,1685.15,1569.58,1428.16,1306.73,1140.76,973.75,639.19,278.13,13.75,,,1545.19,1452.22,1414.76,1294.42,1197.75,1035.37,868.49,587.82,240.87,3.1,,,1397.45,1224.45,1174.44,1105.2,1048.06,954.84,816.65,539.21,220.06,0.45,,
黑龙江省,8521.59,8478.13,8343.75,,9968.32,9894.22,9850.43,9799.56,9599.27,9509.08,9365.17,9178.91,9064.97,9020.67,8973.89,,10740.95,10672.06,10590.62,10379.58,10136.84,10009.55,9829.32,9413.64,9149.26,9031.09,8992.13,,11261.91,11182.83,10933.99,10692.5,10443.31,10032.89,9803.72,9412.94,9199.26,9207.69,8940.54,,11441.2,11303.58,11055.01,10821.61,10416.45,10041.6,9844.27,9296.13,9018.87,8889.71,8835.98,,10588.25,10568.03,10176.56,9884.35,9587.36,9261.55,8979.54,8578.44,8284.94,8164.97,8100.4,,10328.47,10237.79,9895.34,9620.92,9290.38,9029.87,8878.38,8622.59,8394.11,8232.28,8190.42,,10865.75,10668.27,10463.68,10124.07,9918.45,9755.78,9562.77,9276.33,9042.44,8903.15,8874.62,,12410.35,12256.36,11977.5,11751.24,11405.56,11199.14,10953.72,10533.7,10256,10141.88,10063.08,,14218.09,14026.71,13555.03,13098.25,12575.05,12139.52,11637.45,11086.28,10506.74,10328.07,10281.73,,13567.37,13408.68,12922.27,12358.76,12031.69,11485.96,10898.69,10519.43,9901.84,9558.51,9409.03,,13484.97,13189.03,12699.88,12439.59,11928.03,11076.8,10523.08,9603.54,8738.18,8275.78,8730.22,,12065.32,11696.77,11251.08,10767.76,9978,8769.85,8002.49,6406.84,5013.26,4478.31,3580.37,,7543.71,7251.71,6889.56,6415.09,5924.22,5222.26,4771.57,3746.88,2995.87,2590.49,2532.66,,4520.3,4323.14,3930.33,3670.01,3266.26,3027.03,2550.35,1845.33,1236.88,355.03,129.51,,3624.31,3110.01,3007.22,2857.82,2614.01,2461.65,2172.22,1723.02,1005.65,398.82,185.8,,3301.73,2942.12,2864.25,2750.07,2644.05,2482.85,2062.29,1467.9,876.2,297.92,86.34,,3106.45,2828.17,2690.41,2524.61,2279.82,2160.77,1912.8,1514.36,877.38,275.41,75.19,,2631.14,2302.33,2223.22,2109.7,1993.86,1886.14,1616.06,1224.19,735.51,192.03,39.44,,2260.11,1985.54,1948.42,1808.88,1684.29,1600.93,1423.93,969.26,527.73,138.61,56.53,,1906.67,1538.9,1408.66,1335.79,1256.5,1120.57,971.58,750.01,378.09,122.76,46.67,
上海市,14976.63,14993.24,14446.53,,16678.19,16168.2,15874.24,15365.27,15158.41,14745.37,14351.09,14320.58,13558.43,12689.47,12971.16,,16627.9,15922.73,15662.46,15316.58,14711.09,14536.28,13879.31,13459.34,13129.51,12751.07,12431.17,,15740.34,15308.78,15110.71,14627.21,14441.8,13979.68,13693.21,13165.29,12489.79,12085.79,11812.01,,14802.97,14525.89,14027.33,13650.05,13420.07,13185.46,12804.54,12539.1,12134.49,11765.8,11495.28,,14672.37,14536.33,14169.72,13900.54,13540.72,13181.62,12995.5,12727.18,12414.37,12075.51,11927.34,,15362.25,15002.63,14726.22,14402.26,14201.22,13921.5,13659.24,13441.34,13234.94,12862.42,12384.39,,15111.24,14800.47,14577.26,14201.28,13815.21,13523.6,13234.65,12982.66,12638.63,12378.5,11911.46,,15095.33,14738.89,14296.24,14094.02,13730.61,13359.42,13233.87,12720.89,12431.24,12041.47,11538.6,,14690.18,14398.35,13867.86,13426.55,13089.47,12821.2,12561.5,12334.6,11909.99,11761.98,11239.17,,13516.58,13441.43,13010.97,12832.09,12622.85,12251.26,12086.23,11824.05,11482.77,10969.25,10628.09,,13249.97,13189.87,13011.22,12754.27,12605.29,12199.04,12057.5,11787.71,11277.02,10964,10361.76,,12983.32,12587.43,12193.7,11934.82,11640.08,11042.77,10759.53,10459.85,10110,9752.13,8482.81,,11295.03,10770.37,10503.51,10198.88,9926.43,9550.07,9220.41,8882.3,8538.86,8186.38,7425.4,,9961.6,9464.36,9225.83,9088.08,8911.69,8615.4,8273.18,7925.09,7706.19,7478.75,6770.4,,10390.67,9800.67,9738.98,9304.26,9128.55,8859.53,8475.52,8224.14,8034.03,7618.62,5951.71,,10766.72,10487.62,10263.68,10043.9,9760.19,9480.38,9220.05,8881.59,8606.96,8119.47,6258.48,,10938.75,10299.1,10065.89,9904.25,9579.58,9344.16,9045.03,8281.32,7988.22,7721.36,5960.85,,10462.39,10290.02,9956.22,9471.17,9156.6,8737.71,8164.14,7748.86,7090.94,6600.67,5577.63,,9481.61,8960.1,8704.15,8711.85,8049.36,7632.38,7464.77,7236.15,6554.23,6012.07,5051.84,,8267.51,7946.15,7735.06,7393.28,6992.51,6686.95,6304.79,6091.33,5253.39,4647.01,3676.68,
江苏省,51216.28,50785.57,49708.75,,62511.57,61901.22,61350.4,60324.5,59636.39,59008.94,58364.68,57237.78,56017.62,55146.66,54110.57,,68479.63,67005.6,65927.9,64597.97,63941.12,62552.84,59993.47,57969.03,56021.24,54510.94,52393.31,,67889.46,65095.24,63067.79,61322.28,60149.21,58102.5,56019.06,55183.06,54344.37,53094.4,50943.56,,65686.75,64997.56,63473.8,62313.92,61092.06,59716.39,58057.94,56558.94,55465.63,53670.35,52443.73,,62673.47,61450.22,59849.1,58610.09,57473.92,56042.59,54496.03,52987.72,51379.66,49629.65,47772.47,,59464.23,58552.96,57172.45,56125.89,54834.74,53837.21,52570.65,51482.27,49946.02,48665.19,47858.54,,58761.73,57802.93,56648.64,55369.23,54288.56,53437.64,52400.1,51346.69,49760.81,48347.81,45969.21,,58118.44,57467.83,56540.47,55463.48,53515.7,52377.74,51419.29,50083.76,48707.95,47268.54,46564.1,,57637.72,56848.27,56111.5,54849.23,53341.94,51686.43,50302.15,48679.65,46803.27,45065.17,43691.96,,52574.17,50676.52,48468.71,47792.28,46034.14,44850.01,42953.2,41342.76,39816.29,37958.1,36429.98,,45097.54,43335.06,41921.36,41096.57,40431.67,39007.79,38340.73,36847,35494.2,35012.15,33450.42,,40738.08,39033.29,38025.53,37243.78,36120.02,35454.41,34064.3,32585.15,31267.5,29465.32,28146.63,,35063.76,33233.21,32121.45,31071.13,30190.65,29128,27956.91,26538.58,25276.3,24273.79,22800.59,,29802.55,28199.56,27290.14,26499.15,25580.84,24849.23,24230.87,23310.58,22667.69,22012.4,20160.1,,28188.14,26334.87,25554.49,24959.49,24248.66,23481.72,22672.47,21400.71,20147.31,19293.81,16910.62,,23098.98,21000.83,20278.71,19710.85,18997.62,18501.31,17711.44,16495.77,15558.87,14233.69,12244.32,,18680.22,17091.01,16505.65,15809.6,15067.62,14497.34,13718.52,13027.29,12176.32,11555.03,9793.95,,15182.7,13747.95,13263.84,12778.53,12121.35,11465.94,10744.47,10159.15,9469.34,8563.97,6975.15,,12316.18,10742.36,10099.79,9846.23,9533.62,8871.78,8270.54,7719.88,7270.56,6773.9,5429.18,,8834.53,7447.69,7099.84,6611.43,6125.82,5803.54,5336.46,4770.42,4333.4,3872.45,2607.01,
浙江省,46652.76,46075.84,45237.82,,55955.15,55272.1,54303.72,53297.99,52171.34,50903.42,50916.24,49279.37,48108.58,48337.54,45848.11,,58818.94,57739.71,55950.04,55097.82,53567.52,52211.72,51227.58,47914.86,46279.85,45794.38,43721.49,,56725.08,55423.88,53691.26,52707.36,51437.67,50116.61,47984.14,45174.09,43847.89,41974.22,40709.14,,49604.61,47996.46,46938.81,45791.24,44590.4,44029.47,42675.71,41242.56,39981.13,38471.32,37795.47,,44537.06,43187.33,41604.7,40250.95,39353.38,38066.44,36900.44,35663.94,34568.87,33637.51,32873.45,,41236.24,40742.92,39776.37,38998.89,37941.68,37048.33,36357.61,35152.48,33964.91,33029.87,32269.37,,41609.78,40755.33,39982.15,39273.15,38606.5,37961.43,37371.93,36781.61,36221.89,35389.36,34856.02,,41687.33,41273.6,40472.53,39814.24,38586.28,38165.85,37481.82,36864.77,35979.03,35348,34898.32,,42144.35,41390.27,40421.34,39538.41,38467.4,37480.75,36464.46,35379.71,34336.58,33104.1,32126.97,,37647.24,36198.29,35186.29,34748.74,33937.12,33193.79,32511.14,31477.47,30872.48,29846.24,29163.14,,33422.97,32861.55,32168.75,31379.61,30606.53,29583.3,29014.62,28220.97,27124.48,26625.53,25824.13,,30318.08,29418.89,28149.09,27648.19,26984.06,26228.2,25297.04,24094.02,23128.9,22189.65,20757.72,,23824.53,23016.31,22163.15,21357.94,20366.1,19646.19,19040.67,18356.53,17747.9,16964.62,15957.75,,19920.95,19176.7,18549.58,18001.4,17480.32,16945.36,16479.9,15829.04,15432.14,14788.27,12857.18,,19094.97,18228.43,17887.91,17523.65,17062.91,16624.76,16140.06,15681.91,15025.19,14282.69,13226.33,,18597.91,17344.77,16763.95,16174.6,15766.53,15248.37,14932.21,14354.79,13867.42,13373.76,12134.57,,16931.89,15814.81,15372.11,14804.55,14422.01,13963.25,13545.08,12898.79,12381.77,11778.38,10300.75,,15596.75,14551.19,14218.48,13783.36,13304.1,12815.84,12268.19,11733.85,11200.85,10716.12,9534.23,,13858.95,12265.08,11794.56,11340.1,10957.35,10527.7,10076.14,9631.63,9004.71,8339.14,7558.81,,10724.9,9270.06,8858.14,8520.04,8113.82,7775.94,7374.54,6971.89,6553.04,6183.8,5405.2,
安徽省,31735.05,31210.24,30726.96,,40841.84,40473.83,40001.11,39405.39,38821.57,38432.73,37877.46,37018.72,36337.19,35700.27,34738.69,,46812.59,45805.04,44756.29,44160.18,43377.66,42524.44,41782.34,40660.81,39423.99,38115.38,37329.97,,44974.6,43343.21,42400.07,41568.66,40499.48,39497.06,38600.86,36983.08,36232.62,35171.96,33823.38,,43591.15,42528.61,41723.96,40861.86,40029.97,39158.03,38246.22,37173.87,35960.48,34890.86,33942.45,,41128.34,40420.76,39575.38,38764.99,37868.04,36907.83,35894.71,34647.51,33559.84,32513.76,31770.86,,39169.24,38068.69,37141.62,36357.51,35268.31,34328.66,33297.94,32243.41,31040.74,29919.71,29340.01,,35645.44,34782.66,34183.38,33470.41,32969.58,32325.71,31648.67,30292.59,29279.74,28418.61,27902.63,,34244.67,33610.8,32977.96,32379.77,31144.01,30376.2,29620.3,28777.78,27928.52,27302.19,26484.22,,33479.11,32749.06,32114.26,31278.62,30134.77,28900.43,28131.35,26780.73,25666.64,24601.8,23937.02,,30235.2,29494.8,27870.89,27259.53,26534.6,25651.93,24717.58,23202.87,22301.66,21034.44,20262.47,,24836.06,24191.91,23123.81,22660.4,22237.55,20688.25,20184.41,19353.32,18202.74,17601.17,16881.49,,20744.07,20294.66,19871.28,19063.27,18141.48,17402.59,16715.83,15561.29,14350.56,12980.18,10880.4,,17541.9,16706.11,16059.72,15407.59,14720.12,14174.39,13477.24,12605.83,10329.22,8848.71,9497.17,,14142.13,12939.62,12517.41,11924.68,11355.62,10845.35,10447.98,9740.56,9303.44,8690.6,6874.44,,11339.56,10423.03,10131.17,9820.25,9484.82,9014.81,8658.35,8110.16,7529.31,6787.01,5526.59,,8969.63,8157.25,7821.27,7505.68,7097.54,6656.32,6509.03,6111.47,5759.15,5227.39,4052.04,,7062.41,6184.52,6003.28,5717.52,5453.67,5174.1,4902.99,4477.89,4141.02,3747.89,3161.8,,5306.92,4790.62,4522.81,4324.08,4158.19,3919.52,3659.38,3364.5,3085.97,2714.88,2106.84,,4362.33,3690.92,3556.65,3356.01,3215.91,3109.33,2857.28,2597.83,2379.87,2100.39,1649.81,,3140.1,2735.71,2583.21,2430.41,2292.23,2138.83,2006.14,1769.02,1559.01,1377.34,1035.63,
福建省,25791.36,25577.59,25039.94,,31734.98,31533.49,31262.45,30827.31,30459.96,30164.68,29835.59,29549.48,29134.05,28821.5,27988.52,,34667.18,34475.11,33969.71,33601.57,33081.28,32368.53,31769.82,30957.66,30287.25,29610.69,28857.98,,34556.77,33928.01,33421.69,33006.04,32187.94,31684,30612.72,29681.9,29026.67,28360.84,27947.1,,34140.18,33712.84,33100.17,32617.6,31700.34,31046.43,30590.08,29898.48,29276.62,28547.07,27920.19,,32825.97,31992.54,31182.27,30800.99,30045.78,29320.94,28747.94,27728.27,27345.03,26645.15,26260.23,,31939.55,31140.98,30724.08,30179.87,29728.53,29118.79,28760.12,28204.65,27791.35,27135.52,26810.13,,31064.14,30609.4,30283.74,29984.65,29624.91,29230.63,28797.24,28375.26,27635.62,27360.06,27051.56,,30891.14,30761.97,30249.77,29773.88,28637.1,28114.9,27634.51,27213.32,26600.01,26119,25609.33,,30051.77,29383.89,28704.82,28109.87,27446.25,26829.75,26286.82,25039.41,24070.63,23602.44,22714.15,,26287.28,25589.14,24389.7,24130.4,23556.1,23006.7,22327.39,21415.05,20738.63,19968.76,19319,,21121.5,20475.16,20062.33,19718.92,19273.2,18929.35,18489.95,18033.15,17544.45,17227.35,16751.24,,19212.77,18587.83,18031.4,17531.25,16724.94,16096.29,15783.6,14977.92,14365.18,13852.01,12876.31,,14184.85,13445.34,12988.17,12590.83,12158.22,11706.65,11411.32,10982.06,10594.56,10214.78,9826.22,,11681.15,11332.62,11090.33,10906.94,10559.73,10364.31,10125.22,9792.88,9507.61,9095.17,8538.02,,11372.26,10900.13,10668.28,10511.25,10186.69,9884.16,9672.4,9300.49,8962.78,8638.63,8145.43,,9586.93,9293.37,9041.62,8705.19,8354.63,8040.03,7617.99,7256.59,6929.59,6324.94,5928.46,,6992.74,6664.13,6489.41,6324.38,6175.31,6183.38,5764.93,5496.78,5224.11,4749.51,4220.52,,6231.57,5886.38,5688.81,5492.32,5335.81,5168.08,4901.03,4644.64,4462.68,4308.78,3840.01,,5795.69,5395.06,5090.01,4919.41,4791.67,4605.14,4466.76,4154.11,3789.68,3588.68,3041.44,,4879.94,4515.75,4297.4,4170.68,4036.55,3814.78,3572.1,3396.73,3198.52,3012.94,2801.48,
江西省,20341.55,20178.68,19904.85,,22714.76,22412.69,22221.22,22011.52,21757.95,21577.28,21347.68,20967.32,20642.53,20188.83,19682.9,,25219.87,24994.68,24641.61,24329.74,23884.03,23464.84,23002.59,22344.19,21650.22,21023.55,20292.54,,23580.8,23351.31,22773.97,22356.18,21793.29,21277.84,20705.28,20053.31,19577.1,19054.03,18623.41,,23556.98,23085.6,22638.04,21993.33,21371.84,20668.51,20062.1,19488.6,19012.95,18566.29,17976.2,,20738.65,20656.29,20062.81,19646.95,19017.24,18572.59,18002.48,17398.95,16673.79,16194.39,15946.92,,18806.79,18526.95,18209.19,17766.58,17218.61,16752.7,16248.34,15622.26,15207.45,14898.79,14344.3,,16427.25,16017.83,15611.33,15248.2,14838.5,14448.58,14197.63,13817.97,13446.24,13173.8,13026.29,,15293.6,15024.92,14683.35,14352.66,13645.22,13135.24,12822.85,12177.24,11772.01,11353.99,11107.08,,13332.64,13221.78,12866.73,12563.86,11956.95,11558.03,11008.27,10258.62,10030.98,9818.42,9610.63,,11995.67,11233.15,10448.78,10204.4,9779.41,9478.27,9191.38,8936.27,8430.13,8098.38,7738.19,,9465.63,9156.25,8760.26,8527.28,8318.47,8020.34,7880.9,7683.56,7404.64,7219.91,6981.62,,8210.88,7972.53,7706.51,7414.16,7135.2,6872.75,6524.75,6196.14,5803.47,5318.31,4650.62,,7229.94,6877.92,6686.25,6499.28,6322.51,6126.39,5925.74,5660.65,5408.71,5072.58,4527.71,,6755.6,6228.08,5979.88,5756.31,5414.4,5068.22,4835.93,4503.08,4142.27,3700.65,2822.02,,6034.68,5365.52,5210.17,5069.38,4914.17,4612.72,4383.22,3989.24,3550.01,3070.77,2479.9,,5423.31,4479.41,4284.28,4045.43,3817.05,3626.15,3357.15,3151.11,2902.09,2528.87,1903.93,,4557.15,3688.61,3524.57,3360.96,3209.69,3062.73,2848.6,2699.05,2476.86,2233.65,1677.44,,4239.84,3376.69,3162.29,3023.48,2816.24,2657.59,2420.17,2184.54,2018.05,1760.41,1341.11,,3325.2,2867.91,2634.43,2461.01,2335.23,2183.64,2052.27,1872.97,1740.07,1511.63,1124.29,,2507.79,2063.98,1898.97,1828.64,1704.79,1629.89,1448.02,1173.68,1044.17,929.84,631.77,
山东省,66241.55,65715.39,64976.84,,75798.58,75465.46,74659.56,73988.19,73194.51,72408.82,71733.15,69783.98,68637.56,67540.9,66221.35,,82771.67,81753.72,80457.03,78567.91,77298.88,75422.31,73584.43,69370.22,68071.35,67786.54,66408.94,,79791.89,76455.64,74384.88,72756.76,71417.58,69643.98,67198.59,65092.83,63159.88,61314.97,59557.19,,75767.42,73818.33,72319.61,70437.09,68629.59,66927.13,64678.12,62016.32,59787.85,56956.62,54153.96,,69063.06,67393.37,65981.12,64665.27,63141.6,61275.96,59599.39,57541.68,55357.22,53706.2,52024.02,,63563.24,62528.3,61401.35,60474.02,59446.54,58212.65,56873.84,55309.84,53861.59,52215.23,50945.67,,59957.07,58766.27,57843.11,56843.23,55757.3,54873.44,53634.61,52034.95,50519.93,49166.44,47882.07,,57206.44,56175.16,55311.25,54537.24,53011.95,51939.58,50437.97,48515.47,46919.02,45739.25,44107.17,,54508.45,53294.95,51968.21,50700.29,49690.11,48593.47,47304.78,46170.75,44526.9,42952.13,41760.58,,50549.17,49791.22,46390.12,45516.71,44117.74,43140.32,41734.51,40006.41,38508.08,37335.73,35495.42,,42958.91,42056.04,40815.24,40219.09,39444.54,37733.06,36895.79,35563.02,33484.2,31851.64,29431.1,,36293.3,35068.31,33984.81,33218.01,32163.5,31019.62,30055.36,28081.93,26678.76,24475.1,20584.25,,28229,26266.34,25326.01,24447.29,23249.19,22085.61,21035.86,19391.09,17982.62,15918.02,12312.81,,21988.49,20845.38,19972.26,19136.68,18399.24,17487.45,16344.51,15079.93,13433.11,11365.94,7342.18,,17925.48,16375.49,15852.09,15509.53,14941.53,14651.17,14318.57,13223.04,11998.71,10556.27,6793.36,,14983.35,13606.99,13127.31,12714.81,12203.79,11636.79,10884.1,9924.5,9179.31,7756.46,4638.55,,12182.45,11137.33,10788.87,10438.97,9906.26,9405.12,8718.59,7842.33,7111.28,6072.82,3799.36,,10359.49,8993.4,8544.93,8203.8,7946.61,7561.31,6917.11,6316.84,5504.09,4451.63,2567.72,,8283.92,6880.3,6952.39,6599.4,6202.2,5942.85,5536.08,4884.81,4407.33,3759.36,2238.41,,7102.04,5793.25,5465.9,5218,4879.49,4611.56,4337.79,3823.72,3441.2,2756.52,1221.25,
河南省,49468.37,49113.83,48488.7,,57696.54,57132.67,56609.78,56118.23,55598.39,55075.3,54322.86,53020.52,52125.97,51189.79,49608.95,,62688.17,61675.31,60628.18,59789.59,58687.68,57775.34,56563.69,54692.52,52945,51324.47,49537.55,,58438.21,56819.27,55712.53,54615.2,53341.21,52329.15,51220.39,49558.86,47824.1,46235.48,44808.3,,57567.1,56072.52,54786.62,53500.68,52381.81,51091.48,49733.5,47678.84,46152.08,44564.75,42840.72,,54685.56,52594.07,50867.04,49822.4,48752.52,47664.14,46331.12,44534.71,43146.82,41811.89,40804.24,,49942.29,48425.69,47084.5,45877.65,44645.22,43626.52,42662.45,40973.42,39846.77,38915.83,37615.31,,47359.55,46107.63,44407.23,42820.83,41142.1,39881.6,38340.58,36846.59,35817.92,34491.51,33598.8,,40994.4,39545.33,38025.79,36846.95,35792.07,34341.39,32928.4,31481.96,30367.7,29502.1,28391.55,,38857.6,37251.27,35994.73,34647.29,33223.22,32226.26,31237.6,30211.34,29477.47,29133.03,28201.74,,35979.33,33970.1,31842.96,31023.87,30082.83,28953.83,27858.6,26378.12,25211.47,24138.96,23081.02,,29559.36,28515.71,27294.7,26326.15,25527.04,24391.71,23563.49,22091.18,21075.08,20253.49,19706.58,,25280.95,24460.39,23422.82,22664.27,21654.32,20708.41,19755.84,18339.62,17747.36,16597.26,15394.22,,20394.18,18966.43,17979.91,17328.63,16295.16,15596.29,14755.65,13626.38,12747.53,11544.08,8467.87,,16075.85,14710.86,14298.86,13743.2,12426.83,11680.05,11103.11,10006.07,9127.13,8034.79,5281.11,,13566.96,12178.44,11866.17,11366.37,10932.51,10402.51,9673.18,8726.38,8361.31,7372.65,5167.79,,10555.64,9287.18,8795.24,8399.91,8053.73,7420.55,6934.67,6352.53,5796.82,4962.5,3223.51,,7009.16,6259.96,6083.49,5780.35,5518.28,5217.32,4924.23,4146.12,3798.36,3268.41,2405.64,,4903.78,4184.23,3978.78,3843.78,3655.4,3539.78,3122.17,2837.09,2626.81,2320.59,1567.59,,3940.64,3393.75,3305.7,3152.54,2962.02,2794.47,2591.19,2352.16,2163.11,1938.7,1541.1,,3306.81,2723.98,2555.39,2487.72,2208.07,2052.3,1829.31,1681.2,1512.73,1308.72,892.72,
湖北省,29595.21,29415.1,29197.03,,34933.35,34464.32,34146.54,33884.03,33636.14,33319.38,33068.87,32705.83,32378.7,31866.22,29918.65,,37741.37,37149.97,36310.63,35742.65,34995.81,33872.64,33680.13,32423.31,31940.27,30863,28913.1,,35419.4,34273.1,33226.42,32449.76,31348.73,29989.08,29336.42,27871.34,27706.4,26750.6,26452.2,,33825.07,33176.33,32312.93,31609.24,30598.08,29891.29,29245.41,28244.88,27567.92,26499.15,25535.87,,31315.6,30745.39,29744.64,29036.45,28180.74,27526.74,26830.75,25937.77,25391.04,24914.52,24752.5,,30510.48,29907.97,29205.08,28702.26,28151.37,27600.33,27025.18,26070.73,25393.91,24583.84,24022.3,,29879.88,29143.43,28566.69,28021.62,27419.35,26896.81,26191.88,25934.94,25263.4,24527.03,24078.62,,28296.28,27281.22,26551.4,25694.01,24434.13,23672.43,22883.02,21903.75,21265.73,20862.55,20228.66,,26321.99,25208.67,24339.15,23461.98,22768.99,21931.33,21132.39,19835.88,19022.65,17946.87,17361.82,,21865.81,20596.06,19568.69,18759.65,17993.7,17303.02,16683.28,15026.42,14135.54,13202.61,12256.82,,16819.71,16111.54,15575.63,15137.61,14586.71,13983.4,13608.89,12515.7,11845.47,10992.66,9313.3,,13923.9,13078.24,12725.71,12353.59,11919.32,11395.78,10618.86,9744.39,8793.65,7969.68,5947.42,,11620.91,10783.03,9942.21,9576.14,8866.35,8428.2,7922.75,7129.87,6508.4,5717.01,3847.24,,9546.53,8523.93,8280.25,7915.49,7587.11,7136.65,6657.77,5836.13,5239.24,4388.86,2480.13,,7790.14,6701.12,6530.75,6358.64,6076.96,5751.22,5414.04,4828.27,4374.69,3879.67,2171.94,,6555.66,5787.95,5589.87,5399.61,4904.98,4680.44,4345.29,3838.15,3525.58,3117.5,1661.87,,5504.08,5034.92,4858.1,4668.21,4210.36,4089.48,3871.75,3398.52,3149.49,2693.87,1553.21,,4804.35,4092.22,3815.2,3721.69,3451.92,3245.69,3046.08,2546.08,2305.31,2084.25,1217.89,,4055.22,3590.6,3304.76,3087.63,2938.09,2758.16,2469.09,2158.54,1937.01,1537.31,951.62,,3252.16,2652.29,2478.63,2240.7,2109.68,2020.63,1879.69,1501.63,1257.52,999.32,552.12,
湖南省,30021.4,29803.16,29414.99,,38367,37998.97,37541.18,37009.96,36622.69,36059.46,35621,34840.19,34456.94,33860.14,33348.22,,42660.89,41690.5,40521.74,39737.11,38878.52,37950.47,37508.14,34779.1,35169.58,33599.52,33015.09,,40757.41,39635.62,38313.46,37030.76,36086.59,35212.04,34163.07,33268.32,31852.36,30444.42,28532.52,,40045.12,39150.62,37889.23,36585.38,35394.54,34543.71,33617.41,32343.74,31426.27,30374.51,28889.54,,35781.53,34935.79,33834.15,32992.94,32001.04,30936.16,30050.03,28793.45,28048.36,27145.99,26338.02,,31691.19,31022.34,30108.6,29379.41,28603.78,27896.4,27104.43,26478.8,26035.44,25232.63,24644.62,,30139.38,29585.54,28943.99,28215.97,27543.57,26885.4,26388.03,25542.89,24937.45,24307.96,23520.45,,28322.13,27942.52,27244.61,26460.82,25469.79,24938.88,24368.8,23648.4,23163.88,22589.56,22155.66,,27747.75,27075.65,25956.99,25084.37,24166.56,23895.76,22981.64,21761.04,20543.56,20071.09,19411.54,,25400.09,24385.28,22803.36,22291.87,21732.95,20873.91,20059.2,18991.04,18049.38,17388.46,16388.65,,21356.89,20450.32,19615.21,19053.26,18617.33,17867.23,17305.27,16768.45,15887.11,15386.85,15927.87,,20746.32,20197.78,19551.35,19107.75,18329.48,17787.11,17170.12,16514.36,15719.73,14852.53,13757.65,,16819.46,16016.95,15364.41,14898.92,14427.67,13976.52,13322.92,12500.99,12121.47,11280.95,9735.08,,13726.69,12638.87,11969.39,11296.63,10592.26,10059.15,9520.74,9081.94,8491.94,7715.72,5627.38,,9880.52,9402.84,9053.62,8751.32,8404.83,8062.74,7646.69,7107.58,6378.55,5431.56,3991.6,,8195.1,7432.47,7188.18,6795.69,6273.85,6069.14,5707.8,5116.62,4690.21,4145.46,2871.03,,6340.98,5586.09,5321.27,5014.35,4758.26,4408.52,4144.13,3738.97,3398.42,2905.84,2125.49,,4951.97,4400.1,4238.22,4067.61,3829.11,3597.24,3321.33,3105.9,2885.22,2560.67,1649.46,,4071.79,3591.21,3414.61,3282.08,3081.09,2910.66,2705.08,2511.31,2261.53,1762.02,1335.65,,3072.48,2644.86,2537.37,2453.42,2296.73,2165.31,1953.61,1703.65,1462.87,1235,797.79,
广东省,77808.63,77302.61,75869,,88662.69,88160.73,87777.67,86705.59,86410.28,86267.03,85703.7,84527.27,83429.45,82196.38,81032.26,,94247.53,92632.07,90885.15,89715.81,87897.42,86676.7,85352.72,83456.42,81826.56,80370.05,79309.99,,91642.42,89571.38,87801.02,85933.16,84322.55,82617.07,80315.73,77932.34,76015.2,74375.87,72916.61,,86824.87,84592.67,83070.85,81619.07,79791.68,78432.52,77013.35,74898.62,73542.23,71500.64,69570.33,,79935.06,77868.43,75919.49,74646.95,72957.8,71257.67,69620.15,67484.25,65729.61,63929.02,62594.41,,72492.1,70629.59,69240,67951.57,66497.53,65238.57,63721.96,61829.36,59987.73,58196.18,57113.44,,64233.8,62661.3,61398.57,60057.2,58619.4,57206.76,56165.75,54294.21,53051.19,51841.38,50870.85,,57941.86,56674.87,55461.12,54370.44,52315.64,51402.87,50356,48976.73,47807.7,46450.58,45649.7,,53977.47,52121.97,50506.86,49281.66,47779.75,46099.61,44554.99,42828.81,41394.79,40452.86,39896.61,,46480.47,45036.07,42725.9,41915,41198.56,39615.58,38299.62,36739.62,35305.64,34114.14,32575.36,,39296.27,38130.69,36556.92,36017.91,35302.86,33824.29,33124.42,32267.37,30984.89,30112.97,28686.6,,36311.94,34822.22,33272.62,32366.75,31306.04,30480.72,29724.06,28143.1,26912.52,25677.5,23166.75,,29217.6,27969.33,27308.42,26641.76,25656.3,24870.5,23955.9,22887.76,21582.13,20267.05,17285.72,,24719.87,23154.01,22442.91,21808.71,20886.73,20111.12,19571.67,18833.61,17938.07,16791.84,13370.86,,22992.63,22151.69,21538.97,21128.19,20529.76,19994.26,19415.52,18492.18,17465.25,16516,14462.15,,20100.81,18679.84,17977.42,17356.82,16735.61,16187.45,15292.48,14377.16,13488.69,12514.41,10152.76,,17049.42,15915.56,15415.04,14740.57,14176.32,13546.95,13029.05,12381.08,11616.71,10725.45,9294,,15010.83,13972.78,13516.04,13043.72,12548.21,12159.15,11549.51,11068.11,10485.95,9563.6,7954.52,,13911.55,12898.09,12371.87,11793.34,11321.26,10810.39,10304.43,9859.48,9383.77,8718.05,7438.06,,12490.09,11627.71,11251.39,10806.12,10447.26,10051.99,9654.24,9074.18,8601.72,8094.88,6740.66,
广西壮族自治区,28305.03,28139.01,27918.89,,32203.25,32116.37,31927.05,31775.33,31543.11,31352.06,31043.04,30705.91,30444.27,30244.97,29687.62,,34175.7,33666.21,33419.2,33132.62,32737.14,32066.46,31866.97,30958.49,30567.09,30005.53,26658.12,,32184.05,31152.11,30332.23,29294.18,28888.59,28365.88,27675.89,26489.75,25752.61,24437.32,23883.89,,29807.03,28815.6,27710.19,27009.88,26253.4,25502.92,25080.96,24122.97,23147.74,22341.8,21703.04,,25399.02,24804.65,24381.22,23947.7,23535.09,22970.14,22614.56,21848.14,21263.99,20669.64,20227.91,,22689.62,22343.95,21967.07,21350.51,21212.79,20956.9,20587.51,19847.32,19394.07,18988.6,18727.69,,21134.65,20491.56,19842.07,19365.36,19038.27,18618.5,18074.83,17766.41,17464.61,16757.61,16357.24,,18608.36,18278.32,17872.89,17553.17,16926.99,16566.59,16243.2,15811.95,15416.88,15028.2,14564.46,,17472.15,17160.59,16575.78,16027.5,15750.22,15108.95,14217.5,13754.71,13282.65,12971.32,12661.4,,16040.17,15721.04,14965.68,14548.59,14336.25,14053.5,13921.15,13443.16,13112.98,12733.15,12248.58,,15018.46,14662.36,14095.49,13919.05,13890.12,13539.27,13370.27,12740.18,12298.07,12005.05,11975.56,,14448.23,14231.61,13520.33,13298.45,13053.18,12785.65,12578.28,12003.46,11591.65,11057.1,10642.95,,12050.65,11691.39,11368.36,11129.85,10839.15,10518.61,9309.02,8486.71,8018.81,7603.51,7018,,8346.07,7850.37,7480.91,7117.21,6753.61,6555.58,6314.72,5813.07,5448.37,5123.15,3957.12,,6933.34,6519.99,6295.07,6154.6,5984.8,5862.96,5674.79,5285.89,5024.97,4729.06,3991.54,,6029.26,5509.49,5321.48,5171.62,4932.26,4822.23,4689.66,4325.69,4012.03,3731.85,2815.73,,4711.84,4153.75,3916.26,3780.5,3519.06,3393.76,3249.87,3054.98,2831.52,2494.21,1991.38,,4056.02,3693.75,3525.08,3326.71,3127.4,2942.96,2806.25,2536.67,2381.03,2103.71,1577.43,,2998.91,2683.3,2501.84,2364.44,2230.47,2139.62,2041.74,1930.7,1784,1612.69,1118.56,,1931.75,1615.69,1546.35,1476.6,1418.6,1307.73,1255.7,1181.99,1093.13,748.67,619.51,
海南省,8487.59,8356.67,8141.72,,9057.16,8959.6,8848.91,8744.31,8696.48,8649.68,8577.04,8461.19,8351.01,8297.48,8076.1,,8938.51,8800.96,8675.21,8504.6,8390.34,8316.27,8220.26,8081.85,7850.08,7778.99,7645.82,,8588.93,8423.05,8292.64,8116.12,8044.51,7970.35,7842.56,7759.92,7675.06,7570.39,7121.62,,9221.56,9114.06,8898.26,8792.21,8742.26,8625.78,8559.4,8419.93,8346.86,8218.69,8206.85,,9574.56,9491.91,9301.58,9238.29,9135.64,8888.12,8664.23,8441.07,8271.58,8139.76,7943.46,,9567.39,9389.87,9225.86,9066.62,8900.39,8617.41,8449.67,8268.53,8017.63,7681.64,7506.9,,8936.78,8534.34,8312.48,8222.4,7917.12,7799.55,7658.61,7558.44,7372.47,7246.28,7226.43,,8316.98,8198.27,8011.82,7885.78,7327.65,7268.35,7039.1,6863.65,6646.18,6472.85,6384.79,,7557.15,7365.66,7121.36,6840.1,6701.19,6326.48,6161.19,5966.92,5825.58,5772.95,5463.85,,6173,6038.16,5745.08,5691.54,5428.91,5292.45,5053.67,4766.24,4589.88,4318.82,4206.22,,5109.49,4972.91,4661.25,4589.67,4475.23,4192.1,4107.26,3922.88,3683.94,3542.03,3372.43,,3659.88,3509.2,3336.55,3221.81,3104.25,2924.73,2826.19,2703.85,2267.99,2267.99,1824.93,,2698.96,2545.84,2482.27,2321.76,2224.97,2149.02,2093.97,2029.94,1932.46,1844.03,1705.95,,1992.78,1829.46,1761.79,1691.28,1631.16,1602.69,1513.41,1402.13,1225.93,1029.42,768.86,,1390.52,1314.59,1252.21,1213.37,1174.41,1101.11,1030.43,992.98,924.23,836.6,700.45,,1175.96,1072.45,963.74,931.62,873.26,847.96,812.43,772.74,732.1,688.5,470.48,,1004.88,930.74,868.97,836.5,806.56,786.91,764.79,729.67,699.51,638.17,524.33,,911.95,858.51,852.6,823.07,785.11,742.41,696.77,630.15,577.92,498.75,410.18,,683.95,637.31,610.08,540.8,528.28,460.68,437.09,413.82,379.11,359.9,315.51,,500.67,410.48,404.81,386.44,368.16,329.28,298.65,269.81,238.73,201.03,187.09,
重庆市,19504.39,19405.99,19320.78,,22699.34,22510.79,22461.17,22286.2,22078.82,22010.92,21808.07,21467.62,21424.18,21310.65,21037.33,,26893.17,26669.81,26341.47,26093.16,25595.66,25053.58,24680.36,24235.33,24020.76,23598.21,23096.49,,27368.16,26878.11,26397.97,25827.15,25404.44,24860.31,24367.98,23595.12,22919.09,22795.04,22130.23,,27986.64,27566.92,27087.4,26477.68,25862.05,25420.26,25080.18,24320.14,23625.6,22964.81,22347.59,,27226.56,26840.63,26093.23,25507.02,24644.73,24070.27,23551.75,22885.58,22197.22,21596.23,20627.29,,25960.99,25772.72,25199.13,24857.81,24289.43,23566.98,23127.92,22489.23,22164.13,21860.66,21563.16,,27363.39,26935.34,26555.16,26100.07,25604.99,25307.04,24949.32,24387.53,23906.89,23414.11,23097.26,,28985.67,28388.85,27599.48,27182.11,26332.85,25796.63,25125.16,24413.03,23698.37,23037.11,22665.26,,28623.93,28116.82,27618.79,26839.25,26252.56,25501.83,24784.22,23897.58,23311.38,22163.56,21651,,26251.89,25567.35,24264.75,23779.14,22948.63,22940.35,22107.93,21177.68,19994.24,19154.95,17417.18,,22009.03,21442.19,20749.21,20422.33,19602.45,18661.65,18056.3,17578.51,16921.17,16641.91,16703.21,,20397.24,19739.97,19195.15,18580.51,17825.42,17369.13,16917.19,16523.22,15459.07,14959.64,14094.66,,17138.5,15941.4,15327.61,14693.67,14073.04,13369.66,12969.46,11842.12,11219.14,10726.82,10225.95,,13052.6,11970.08,11439.65,11083.4,10746.81,10433.65,10164.9,9782.22,9484.87,9102.07,8371.34,,11639.27,10656.23,10442.9,10268.16,9899.34,9645.54,9149.72,8823.75,8338.55,7896.5,6939,,10578.84,9446.7,9107.26,8873.8,8441.13,8064.15,7706.86,7248.78,6785.95,6228.1,5387.11,,9244.03,7874.93,7580.77,7407.24,7097.67,6760.11,6630.88,6345.69,6065.07,5706.28,5081.04,,7485.22,6668.04,6466.73,6252.78,6003.41,5827.14,5604.93,5333.68,5184.76,4807.15,4459.68,,6160.04,5568.77,5217.61,5022.38,4848,4660.54,4477.81,4188.72,3987.06,3666.95,3015.39,,5297.81,4627.89,4452,4231.67,4100.89,3958.14,3781.28,3444,3300.05,3154.03,2711.22,
四川省,44082.55,43863.96,43504.6,,52210.78,51487.25,51058.92,50540.79,49854.71,49168.57,48526.29,47522.69,46889.11,46050.71,44693.45,,54248.7,53134.96,52174.68,51355.5,50443.21,49611.37,48931.72,47580.37,46418.94,45477.17,43973.75,,50755.54,48790.31,47428.1,46528.84,45361.34,44121.26,42792.5,41148.29,39489.5,38138.09,35863.75,,49113.75,48052.72,46903.15,45437.37,44225.73,42829.75,41910.63,40137.29,38762.97,37334.82,33896.32,,44065.92,42580.99,41236.86,39816.97,38362.72,37255.82,36490.22,35171.37,33752.75,32881.52,31393.81,,41294.89,40336.01,39248.97,38426.84,37504.14,37139.47,36598.44,35306.5,34420.17,33315.61,31954.19,,41532.14,40704.87,39832.31,38998.25,37882.33,37117.16,36171.93,35042.27,33850.32,33018.49,31250.17,,38981.36,38561.19,37472.57,36524.03,35682.21,34408.84,33532.66,32303.94,31127.48,30222.79,29359.13,,36499.35,35716.18,34437.78,33280.85,32024.04,31013.96,29468.71,27795.29,26278.36,25423.9,24135.9,,32164.98,30892.81,29689.55,28992.54,28127.33,27493.68,26611.22,25267.36,24330.89,23710.77,22368.78,,29865.5,29029.88,28113.25,27383.36,26627.41,26196.96,25507.18,24205.16,23494.05,22900.78,21727.82,,27315.44,25973.01,24836.86,24064.56,23186.71,22316.77,21320.38,19819.16,19288.09,18448.44,17113.33,,21158.47,19548.68,18654.7,18063.61,17420.72,16765.75,16097.13,15144.51,14732.41,13904.21,11539.48,,17609.17,16793.27,16100.06,15606.98,14994.57,14321.57,13980.64,13090.6,12600.39,11845.06,10243.82,,15412.85,14930.55,14600.75,14221.47,13901,13536.88,13005.92,12140.64,11778.23,10843.21,9620.87,,13494.86,12499.97,11940.55,11353,10888.37,10401.4,9797.12,9072.69,8276.98,7836.74,6806.31,,10621.29,9755.43,9407.2,9114.3,8662.48,8287.54,7906.15,7384.45,6980.96,6496.7,5540.73,,8261.26,7725.79,7460.25,7239.72,7048.11,6691.49,6546.29,5696.64,5086.98,4705.58,3644.53,,7278.47,6520.06,6215.73,5984.88,5809.65,5543.61,5319.8,4928.42,4582.32,4238.16,3572.33,,6933.08,6242.98,5952.98,5691.8,5352.73,5015.19,4688.63,4261.57,3907.86,3408.32,2656.81,
贵州省,23510.7,23420.29,23178.95,,26256.24,26008.9,25814.71,25573.78,25412.22,25271.93,25164.35,24862.86,24552.87,24367.57,23990.9,,28749.89,28497.26,27921.12,27498.92,26942.9,26518.85,26198.35,25791.75,25523,24919.47,24249.06,,26922.73,26465.6,25853.6,25022.49,24346.29,23833.5,23332.51,22525.11,22019.71,21242.47,20598.26,,27775.07,27207.73,26414.87,25449.45,24706.25,24011.78,22538.7,21432.47,20700.3,20025.9,19132.54,,21953.33,21581.47,20876.37,20417.38,19866.46,19449.92,18990.89,18155.81,17433.01,17033.7,16762.73,,20385.43,20264.05,19731.46,19474.15,19101.49,18999.3,18831.09,18593.04,18296.12,18028.77,17736.03,,20352.24,20179.8,19861.25,19537.61,19249.94,19033.49,18713.92,18349.2,17982.94,17754.11,17486.32,,20877.67,20798,20385.29,19986.58,19530.12,19318.94,19177.72,18628.87,18107.12,17749.64,17279.31,,20369.36,20128.15,19671.74,19279.12,18807.83,18398.43,17753.09,16812.17,16205.33,15611.66,14897.78,,17356.96,16637.88,16326.24,16017.42,15280.26,14639.2,13819.56,13103.44,12442.81,12047.04,11445.02,,13245.31,12949.12,12257.27,11991.95,11661.84,11104.1,10691.14,10340.92,9345.06,8817.59,8181.82,,10395.27,10201.61,10127.64,9916.55,9480.93,9229.95,8981.55,8752.18,8181.6,7827.87,7051.26,,7902.39,7581.11,7291.56,7106.75,6738.26,6561.07,6244.14,6032.35,5794.36,5346.05,4132.19,,6062.29,5778.44,5604.3,5439.24,5053.68,4829.6,4661.86,4338.52,4134.24,3876.07,2832.39,,5104.18,4917.49,4844.43,4696.49,4578.99,4299.72,4186.28,3979.95,3730.37,3540.84,2442.86,,4227.41,3956.72,3769.27,3640.82,3492.28,3338.49,3169.54,2962.85,2873.34,2680.85,1951.52,,3230.58,2980.4,2864.76,2780.31,2700.71,2636.72,2536.84,2510.77,2311.36,2259.66,1916.99,,2698.64,2535.13,2400.33,2337.43,2242.08,2195.31,2100.24,1990.37,1816.68,1640.68,1318.69,,2443.28,2265.72,2194.06,2132.01,1976.52,1888.43,1836.42,1773.36,1675.6,1552.89,1279.87,,2140.07,2025.68,1916.57,1795.41,1687.35,1598.3,1496.81,1391.86,1268.33,1149.68,816.48,
云南省,23873.91,23826.8,23417.05,,27403.46,27201.08,26941.98,26766.91,26453.83,26226.45,25943.18,25691.87,25476.47,25173.05,24863.68,,29148.14,28588.41,28149.58,27677.35,27248.78,26819.45,26440.75,25702.13,24705.19,23928.36,23117.07,,25801.3,25031.3,24221.71,23447.37,22776.72,22157.71,21698.93,20545.2,19810.38,18897.77,18101.96,,26314.05,24921.78,24104.26,23453.1,22710.56,22022.79,21400.71,20702.51,20153.67,19392.3,18703.72,,21800.41,20964.33,20294.63,19850.82,19258.6,18840.04,18474.59,17807.03,17433.87,17179.21,17185.05,,21085.35,20562.41,20255.52,19944.82,19535.5,19283.28,19114.14,18591.58,18284.52,17895.37,17655.89,,20593.19,20431.41,20148.67,19763.27,19570.62,18900.04,18511.32,18188.1,17788.79,17118.06,16840.56,,20722.2,20542.03,20121.36,19912.25,19293.73,18958.65,18462.08,17669.52,17256,16595.9,16175.88,,20034.58,19753.85,19273,18875.15,18213.3,17488.58,16789.21,15945,15464.04,14958.15,14251.4,,18260.72,17516.83,16725.15,16396.92,15803.28,15508.3,15033.72,14314.6,13501.53,12874.4,11979.29,,14362,13756.97,13374.16,12746.34,12289.76,11388.13,10952.69,10267.2,9578.42,8753.09,7649.27,,10597.88,9897.02,9408.21,8968.69,8506.69,8161.44,7755.45,6901.01,6423.89,5738.46,4518.9,,8784.97,8170.3,7760.97,7437.36,7078.73,6676.92,6430.88,5615.49,5615.49,5055.36,3739.47,,6837.88,6170.68,5983.55,5865.08,5247.09,4839.54,4878.63,4350.44,3842.48,3276.14,2280.09,,5370.73,4954.7,4743.54,4510.81,4220.17,4097.39,3850.81,3543.1,3191.71,2746.32,2253.3,,4284.25,3704.5,3516.8,3214.44,3090.94,2994.62,2771.21,2462.45,2232.66,1907.23,1519.65,,3220.68,3038.84,2883.95,2746.31,2570.7,2450.72,2243.6,2088.17,1860.69,1690.53,1506.74,,2717.95,2579.79,2463.07,2324.56,2163.68,2047.22,1904.67,1793.42,1634.48,1481.56,1093.05,,1828.73,1641.58,1536.62,1427.24,1348.15,1258.55,1197.44,1098.26,984.01,830.62,644.93,,1306.73,1148.31,1106.2,1050.65,1025.65,1026.82,983.63,892.11,775.09,613.03,494.23,
西藏自治区,654.14,642.25,643.97,,697.56,686.16,682.45,675.66,675.26,675.22,667.88,621.57,622.75,610.94,771.15,,945.37,925.73,906.62,887.98,876.94,949.79,936.89,897.73,848.52,835.63,774,,945.33,926.96,913.6,883.13,863.73,845.76,784.68,760.2,705.23,691.2,303.81,,764.16,749.79,720.74,656.17,626.06,579.08,507.03,393.26,340.46,334.74,309.47,,358.61,353.21,337.28,310.96,303.84,301.1,285.28,207.47,185.13,181.66,161.2,,229.85,224.85,217.06,216.82,201.98,200.94,200.19,187.69,183.22,179.4,174.17,,348.77,348.77,344.02,340.7,339.7,333.59,328.3,298.6,294.65,281.54,279.96,,380.62,380.19,363.12,360.72,330.22,315.59,272.04,266.51,233.41,205.76,195.92,,273.17,273.14,271.01,237.2,178.83,145.72,133.13,80.92,59.74,27.72,27.75,,57.7,54.8,54.8,54.8,54.8,53.37,49.31,48.11,48.11,36.05,38.11,,47.33,46.12,42.54,42.54,42.54,39.07,29.05,27.62,27.46,16.76,3.21,,48.73,44.24,44.24,44.24,44.24,39.8,39.8,38.74,13.42,0.51,,,72.31,72.31,72.17,72.17,63.77,60.4,57.26,38.15,33.03,33.03,,,8.26,141.62,141.62,141.46,122.8,87.43,108.8,102.85,32.73,5.69,,,135.2,135.2,135.2,135.2,116.7,116.7,86.02,53.6,11.73,3.45,,,61.2,59.01,59.01,59.01,59.01,59.01,55.82,55.82,50.3,24.24,,,69.22,57.99,57.99,57.99,57.18,51.77,49.02,38.08,36.38,13.94,0,,32.75,19.62,20.44,20.44,13.02,13.02,12.09,8.67,5.51,2.45,,,38.43,38.43,38.43,38.43,38.43,32.35,27.74,7.44,7.44,1.01,,,19.41,19.29,19.29,16.44,16.44,16.44,16.22,11.6,10,,0,
陕西省,26062.63,25433.28,23895.62,,28711.61,28457.07,28163.14,27916.67,27605.8,27263.7,26800.31,26099.26,25464.86,25141.21,24639.03,,29978.08,29502.69,28863.39,28466.19,28034.45,27765.1,27097.21,26423.9,25666.14,25329.24,24823.67,,28358.31,27922.13,27431.62,26921.58,26305.97,25569.96,25023.23,24117.04,23606.31,23026.44,22358.75,,27728.39,27143.34,26640.92,25524.01,24962.82,24327.99,23606.27,22892.85,21936.55,21443.89,20762.42,,24618.05,23987.61,23337.9,22932.74,22383.99,21772.47,21232.23,20511.08,19828.57,19472.19,19161.56,,23630.1,23211.97,22646.78,22333.76,21973.94,21576.5,21300.11,20729.63,20456.52,19878.44,19658.78,,22297.53,21902.49,21531.31,21217.56,20586.78,19893.5,19109.28,18336.29,18001.73,17764.74,17549.21,,20752.16,20293.01,19703.6,19262.73,18504.46,18192.55,17790.91,17178.35,16668,15999.93,15842.07,,19466.1,18874.88,18101.06,17667.91,17185.09,16222.61,16069.79,15264.38,15009.55,14738.68,14481.5,,17240.86,17060.98,16050.05,15870.14,15597.18,15191.12,14750.84,13972.56,13687.07,13206.59,12686.92,,15410.57,14918.88,13961.72,13577.29,13166.39,12179.88,11967.1,11344.96,10700.37,10243.57,9809.2,,12179.97,11938.75,11263.42,11030.57,10811.31,10614.3,9930.7,9094.27,8568.15,8241.36,7527.31,,9965.18,9438.18,9218.79,8799.44,8482.17,8181.19,7886.09,7247.89,6703.8,6364.04,5526.48,,8260.87,7454.69,7187.13,6728.74,6221.42,6012.63,5639.76,5106.44,4590.15,4124.83,3093.25,,5564.93,5098.54,4885.17,4734.62,4459.99,4313.38,4199.7,3692.13,3366.13,2819.93,2194.45,,4446.42,3925.05,3746.05,3661.56,3474.11,3389.75,3097.17,2734.45,2482.32,2080.84,1040.41,,3559.19,2864.38,2785.1,2691.22,2589.46,2509.85,2409.92,2159.87,2034.88,1552.43,1006.53,,3181.16,2656.86,2544.84,2445.29,2326.74,2289.45,2161.63,1938.49,1778.25,1562.56,1073.54,,2490.53,2269.92,2192.05,2165.59,2093.3,2005.18,1890.93,1724.16,1439.49,1217.72,791.29,,2279.74,1732.09,1683.41,1626.03,1583.64,1480.11,1312.08,1138.71,958.26,741.39,499.62,
甘肃省,10821.04,10718.04,10385.27,,12268.44,12172.02,12063.47,11960.51,11638.33,11410.45,11065.59,10645.87,10221.66,10073.19,9930.36,,13197.55,13069.49,12753.38,12406.63,11894.98,11495.91,11136.28,10409.51,9844.19,9669.74,9383.3,,11328.26,11053.5,10604.62,10064.77,9636.63,9272.96,8927.7,8313.88,7409.41,7051.89,6921.5,,10977.33,10751.34,10551.85,10127.63,9645.82,9334.3,8985.3,8421.17,8028.84,7646.25,7178.86,,9428.51,9370.8,9186.46,8865.05,8453.13,8144.18,7800.29,7448.31,7328.03,7144.9,7010.31,,9153.46,9070.28,8813.27,8658.55,8449.95,8232.32,7910.75,7517.18,7106.89,7013.51,6690.1,,8933.24,8778.73,8659.42,8537.73,8370.63,8044.73,7848.57,7490.75,7120.35,6837.24,6661.48,,8586.18,8532.19,8298.2,8115.47,7686.35,7424.16,6989.54,6703.67,6243.09,5977.54,5465.95,,7660.3,7696.18,7564.69,7387.63,7117.91,6862.29,6496.6,6034.47,5599.85,5241.37,5044.26,,6848.4,6650.14,6330.74,6198.86,5941.34,5756.72,5631.22,5311.23,4926.81,4627.25,4048.68,,5634.95,5491.9,5316.5,5114.84,4909.93,4593.44,4370.74,4040.06,3611.55,2886.5,1053.37,,3810,3779.79,3689.92,3616.89,3461.33,3330.64,3124.7,2813.95,2481.37,2000.92,891.75,,3130.4,3076.63,2917.23,2829,2674.03,2518.03,2396.48,2182.49,1953.8,1425.52,646.3,,2543.1,2264.52,2200.65,2130.58,1990.67,1848.98,1734.69,1471.72,1343.03,1012.47,334.59,,1914.52,1896.6,1828.9,1785.11,1764.86,1664.61,1597.54,1494.89,1316.48,941.05,222.46,,1854.11,1809.93,1760.51,1715.95,1659.72,1518.13,1513.52,1353.18,1048.04,687.41,179.91,,1590.16,1477.8,1464.67,1421.35,1370.52,1313.58,1237.69,1083.03,979.2,674.45,202.21,,1449.73,1395.24,1349.28,1315.54,1242.63,1170.71,1063.14,918.76,824.46,440.72,170,,1448.08,1348.44,1301.64,1263.64,1172.97,1147.52,1061.58,993.49,821.59,709.72,353.27,,997.85,937.8,889.11,826.15,789.53,772.22,702.12,609.87,325.23,228.34,88.91,
青海省,2999.35,2951.8,2958.63,,3348.78,3346,3335.26,3324.64,3291.92,3273.43,3278.08,3153.99,3049.1,3021.37,2876.35,,3398.79,3357.23,3305.99,3273.36,3244.59,3136.25,3056.11,2962.98,2903.19,2795.31,2607.48,,2943.51,2893.2,2848.3,2787.89,2716.38,2698.92,2557.44,2309.25,2286.33,1964.17,1863.35,,2922.38,2895.17,2805.96,2774.15,2674.69,2571.82,2342.16,2341.17,2154.69,2096.75,2068.32,,2549.21,2585.15,2550.44,2505.99,2460.32,2389.52,2329.68,2264.52,2171.15,2126.18,2118.85,,2936.71,2923.64,2906.74,2820.76,2797.93,2685.65,2589.21,2477.25,2369.1,2370.9,2244.52,,2847.71,2829.47,2782.85,2708.05,2570.48,2514.99,2414.77,2258.07,2140.2,2028.84,1964.7,,2585.59,2586.28,2501.36,2405.29,2306.04,2238.76,2170.36,2005.58,1950.7,1769.36,1723.96,,2545.9,2521.03,2370.79,2334.68,2295.12,2245.84,2165.67,2032.17,1987.77,1902.96,1721.69,,2376.64,2327.21,2236.35,2205.43,2130.18,2060.82,1889.86,1824.16,1747.25,1522.63,1426.47,,1891.23,1886.53,1838.47,1693.3,1684.16,1639.6,1556.02,1395.33,1237.63,1021.9,893.38,,1659.03,1651.37,1646.65,1601.52,1566.07,1455.4,1405.02,1333.43,1216.73,1160.6,1113.64,,1423.97,1411.39,1397.32,1345.18,1307.22,1264.42,1116.65,1070.11,993.59,879.94,650.99,,900.39,893.94,842.61,828.47,819.08,772.1,701.33,556.68,392.34,156.17,,,707.28,687.36,652.15,621.85,593.63,563.85,507.25,428.1,313.21,183.25,,,581.78,576.33,573.03,565.6,548.19,500.05,429.66,355.75,290.01,127.07,,,446.74,444.75,424.47,409.53,390.61,359.36,325.41,256.41,197.22,114.05,0,,418.35,413.47,411.52,411.16,386.73,331.68,279.77,209.68,145.66,80.73,,,426.73,401.59,392.66,392.56,373.51,365.02,293.84,237.25,164.09,107.8,,,412.38,377.67,367.48,343.47,325.3,314.5,224.12,191.24,145.89,97.73,,
宁夏回族自治区,4422.49,4346.47,4212.9,,4918.44,4924.58,4894.26,4861.92,4766.64,4691.11,4593.15,4445.17,4397.52,4309.69,4239.11,,5606.88,5607.4,5549.89,5481.6,5360.02,5249.53,5244.17,5042.59,4870.72,4658.16,4561.83,,5562.65,5672.49,5665.56,5587.39,5473.02,5392.39,5292.3,5043.77,4885.39,4743.37,4689.28,,5936.59,5838.48,5748.15,5629.4,5492.4,5383,5174.22,5103.13,4915.57,4799.85,4725.21,,6047.78,6094.35,5969.44,5865.24,5758.04,5719.22,5586.17,5443.15,5348.81,5204.64,5146.57,,6836.71,6884.26,6782.41,6729.29,6613.85,6533.94,6426.59,6244.93,6027.18,5893.62,5824.96,,7110.06,6988.36,6952.87,6788.01,6536.05,6435.73,6344.08,6143.52,5974.41,5793.97,5668.13,,7045.68,7060.86,6941.96,6784.43,6700.83,6500.12,6270.22,6126.22,5896.63,5725.8,5555.98,,7019.37,6791.6,6676.85,6489.28,6286.16,6163.88,5759.79,5494.57,5274.86,4946.64,4718.82,,6043.23,5920.62,5696.23,5561.56,5253.8,5178.19,4921.2,4534.95,4256,4085.21,3788.07,,5033.26,4982.66,4861.85,4607.21,4280.88,4173.84,3948.05,3707.13,3523.25,3304.34,3035.49,,4040.83,4021.49,3822.62,3525.56,3337.32,3069.32,2906.22,2724.45,2415.12,2223.46,2034.04,,2940.53,2819.57,2650.24,2575.5,2448.41,2226.09,1980.29,1666.62,1330.89,836.48,620.74,,1952.02,1906.14,1764.67,1666.98,1574.23,1468.53,1358.88,1193.89,968.13,632.49,39.86,,1582.81,1486.08,1440.47,1314.7,1266.71,1157.48,1076.21,918.15,725.53,377.99,23.11,,1234.78,1139.65,1090.69,1002.48,946.99,888.2,810.59,693.48,553.31,183.11,9.14,,1140.52,1108.07,1075.66,1005.8,942.28,873.7,805.78,665.19,519.51,203.29,9.17,,1049.46,973.15,935.43,880.49,818.82,783.27,709.42,643.26,501.99,231.51,30.52,,941.94,888.49,849.31,791.33,752.13,664.84,604.02,520.56,419.02,249.12,36.6,,754.92,701.85,656.89,609.82,564.14,518.61,453.87,351.73,257.06,145.21,12.56,
新疆维吾尔自治区,12990.92,12668.56,13214.31,,16075.67,16014.93,15857.44,15683.31,15454.79,15282.61,14682.74,13598.69,13833.48,13282.89,13367.95,,16454.39,16299.63,16047.99,15725.32,14984.15,14693.09,13907.18,12512.95,11604.87,11721.87,11854.45,,14268.4,14037.9,13616.2,13117.5,12672.36,12092.06,10556.02,9960.75,9779.89,9644.69,9548.5,,12970.3,12869.57,12497.84,11852.85,11529.54,11141.77,10761.54,10417.39,10065.46,9906.6,9843.42,,11574.72,11548,11298.58,10778.75,10547.47,10270.42,9954.67,9714.93,9597.93,9450.65,9325.53,,11597.26,11749.99,11672.72,11273.79,10959.97,10682.29,10405.6,9936.16,9593.43,9410.7,9243.16,,11530.59,11483.08,11276.64,11072.81,10785.35,10576.52,10262.59,10031.67,9778.76,9453.25,9318.19,,11465.44,11480.45,11249.98,10909.78,10152.61,9869.63,9302.56,8898.61,8551.56,8219.89,8105.7,,11288.65,11109.88,10701.86,10390.58,9811.07,9395.4,8767.43,8023.96,7593.8,7229.52,7179.1,,9459.55,8919.84,8352.24,8101.85,7711.95,7221.79,6604.9,6145.46,5662.21,5150.84,4947.94,,6896.55,6847.43,6506.8,6293.83,6059.32,5644,5437.49,5127.22,4706.08,4007.79,3455.97,,5422.77,5315.36,5091.41,4948.18,4672.56,4252.35,3715.7,3040.94,2074.11,988.92,131.04,,3997.24,3864.88,3747.76,3587.88,3239.75,2855.6,2538.49,2120.12,1491.46,662.1,121.6,,3073.56,2965.87,2817.97,2587.47,2360.63,2090,1805.42,1488.22,1131.84,518.02,130.39,,2585,2481.87,2411.12,2306.74,2179.77,1960,1683.83,1348.7,883.39,381.69,153.58,,2061.51,2025.89,1914.43,1791.34,1613.9,1461.89,1311.43,1014.78,533.76,126.34,22.68,,1559.15,1512.37,1433.14,1349.95,1259.02,1112.24,985.35,741.86,426.06,127.58,42.04,,1358.35,1265.83,1239.46,1187.11,1095.09,995.07,851.42,665.47,426.45,60.22,8.83,,1282.3,1202.29,1141.26,1061.15,983.79,903.55,840.14,676.71,429.08,124.04,5.25,,1357.41,1274.6,1239.05,1157.13,1076.96,1013.32,917.96,723.16,444.17,98.33,33.9,
